female,people,indoor,mean AUC,sea,portrait,transport,flower,sky,lake,structures,bird,plant,food,water,baby,animals,male,clouds,car,tree,dog,sunset,night,model,river
0.758011043072,0.92405796051,0.830540955067,0.742082834244,0.742716014385,0.878892481327,0.701449215412,0.779479861259,0.899146795273,0.50817155838,0.895215213299,0.68072783947,0.869199514389,0.806594729424,0.816230535507,0.459983825684,0.835815429688,0.727287054062,0.751098573208,0.628312528133,0.744804799557,0.8675994277,0.639023900032,0.58998811245,benchmark,0.475641608238
0.783354640007,0.93148702383,0.848993062973,0.741528093815,0.762598454952,0.919135510921,0.698734104633,0.79832971096,0.896578729153,0.491581022739,0.909959971905,0.713995099068,0.864462733269,0.806710243225,0.835322022438,0.26871779561,0.85089546442,0.739253878593,0.752461910248,0.5938372612,0.745161831379,0.83731096983,0.607908546925,0.63089799881,1hidden-500,0.508986234665
0.793761968613,0.938515245914,0.864966452122,0.747660636902,0.759268820286,0.889049291611,0.710796952248,0.802755951881,0.900204956532,0.512658417225,0.904229879379,0.74871057272,0.876801133156,0.77983802557,0.837405443192,0.288504064083,0.867453634739,0.75802564621,0.721049487591,0.6725025177,0.767743945122,0.902086734772,0.576806485653,0.63293749094,1hidden-1000,0.43778192997
0.779937446117,0.933315515518,0.86033475399,0.747148692608,0.760321259499,0.888943016529,0.718960046768,0.791525006294,0.90334802866,0.413532495499,0.91285598278,0.718150138855,0.871351361275,0.807203412056,0.83574950695,0.338628917933,0.855990886688,0.747046709061,0.74646115303,0.592756867409,0.76555120945,0.86677634716,0.618731737137,0.63608366251,1hidden-1500,0.568013429642
0.789640188217,0.931839287281,0.864135980606,0.73433727026,0.75340282917,0.894334077835,0.708786249161,0.762855768204,0.896841824055,0.521445870399,0.913599133492,0.660435736179,0.875907897949,0.800825834274,0.83339703083,0.288716644049,0.83466053009,0.723374426365,0.705405712128,0.626969516277,0.763956069946,0.839507937431,0.573055148125,0.551817893982,2hidden-1500-500,0.509182155132
